,City,Cloudiness,Country,Date,Humidity,Lat,Lng,Max Temp,Wind Speed
0,avarua,100,CK,1594001152,83,-21.21,-159.78,69.8,8.05
1,vardo,94,NO,1594001152,94,70.37,31.11,48.43,8.23
2,esperance,90,AU,1594001152,47,-33.87,121.9,59.0,19.46
3,kapaa,1,US,1594001152,70,22.08,-159.32,84.2,8.05
4,hilo,90,US,1594001152,61,19.73,-155.09,82.4,9.17
5,vytegra,99,RU,1594001153,91,61.01,36.45,60.89,10.98
6,bac lieu,0,RS,1594001153,93,45.39,19.24,63.0,6.93
7,punta arenas,1,PH,1594001153,62,8.99,125.34,87.3,5.35
8,vila velha,3,PT,1594001153,82,42.03,-8.16,68.0,4.7
9,port alfred,17,CD,1594001153,50,-7.03,29.76,69.17,6.46
10,sungaipenuh,30,ID,1594001153,74,-2.08,101.38,73.94,1.99
11,hobart,75,AU,1594001043,66,-42.88,147.33,55.0,5.82
12,binzhou,0,CN,1594001153,62,37.37,118.02,84.99,1.01
13,varberg,42,SE,1594001153,85,57.11,12.25,57.0,28.01
14,victoria,95,HK,1594000945,70,22.29,114.16,88.0,10.0
15,rikitea,0,PF,1594001153,81,-23.12,-134.97,72.63,8.48
16,zhigansk,35,RU,1594001154,54,66.77,123.37,50.95,5.21
17,hermanus,80,ZA,1594001154,94,-34.42,19.23,53.01,3.0
18,new norfolk,100,LR,1594000898,92,6.65,-10.59,71.64,1.61
19,nokaneng,0,BW,1594001154,46,-19.67,22.27,47.79,4.29
20,bilibino,42,RU,1594001154,54,68.05,166.44,63.84,14.63
21,klyuchi,96,RU,1594001154,77,52.27,79.17,66.11,9.06
22,cockburn town,90,AU,1594001030,66,-32.08,141.0,48.2,10.29
23,busselton,95,AU,1594001155,73,-33.65,115.33,57.0,25.21
24,ushuaia,40,AR,1594001155,86,-54.8,-68.3,33.8,6.93
25,faya,56,SA,1594001155,49,18.39,42.45,71.6,2.75
26,irmo,40,US,1594000872,65,34.09,-81.18,81.0,5.82
27,meulaboh,99,ID,1594001155,83,4.14,96.13,80.53,3.51
28,thompson,90,CA,1594001155,100,55.74,-97.86,62.6,5.82
29,bambous virieux,75,MU,1594001155,94,-20.26,57.41,71.6,9.17
30,cherskiy,62,RU,1594001155,59,68.75,161.3,64.49,9.82
31,shelburne,1,CA,1594001155,53,44.08,-80.2,77.0,2.24
32,bonito,91,BR,1594001155,63,-21.12,-56.48,71.67,0.63
33,castro,56,BR,1594001134,75,-24.79,-50.01,61.03,7.34
34,arraial do cabo,0,BR,1594001156,68,-22.84,-46.65,68.0,5.82
35,yulara,0,AU,1594001156,46,-25.24,130.99,53.6,14.99
36,srandakan,4,ID,1594001156,70,-7.94,110.25,82.35,11.72
37,vaini,20,TO,1594001156,78,-21.2,-175.2,78.8,11.41
38,mahebourg,75,MU,1594001156,94,-20.41,57.7,71.6,9.17
39,chuy,39,UY,1594001156,88,-33.7,-53.46,46.42,7.61
40,chokurdakh,100,RU,1594001156,91,70.63,147.92,40.19,12.03
41,richards bay,1,US,1594001156,64,46.84,-95.91,73.4,9.17
42,lasa,5,IT,1594001156,76,46.62,10.7,62.01,6.93
43,fortuna,1,US,1594001156,63,40.6,-124.16,62.01,16.11
44,anchorage,90,US,1594001110,72,61.22,-149.9,62.6,13.87
45,mar del plata,90,ES,1594001157,100,43.4,-4.01,68.0,3.36
46,caravelas,100,BR,1594001157,79,-17.71,-39.25,72.41,5.77
47,warrnambool,96,AU,1594001157,80,-38.38,142.48,55.99,10.13
48,tiksi,100,RU,1594001157,92,71.69,128.87,34.25,12.19
49,kavaratti,94,IN,1594001157,78,10.57,72.64,82.98,15.26
50,khatanga,5,RU,1594001157,54,71.97,102.5,55.69,17.11
51,jamestown,1,US,1594000951,47,42.1,-79.24,75.2,4.7
52,karpogory,100,RU,1594001157,96,64.0,44.45,59.86,5.75
53,camabatela,2,AO,1594001158,89,-8.19,15.38,54.43,2.15
54,wynyard,4,AU,1594001158,62,-41.0,145.72,55.99,11.01
55,caluquembe,59,AO,1594001158,52,-13.78,14.68,47.66,3.04
56,butaritari,22,KI,1594001158,77,3.07,172.79,83.19,12.39
57,santa maria,100,PH,1594001158,66,17.49,120.43,86.58,2.98
58,gizo,100,SB,1594001158,78,-8.1,156.84,82.76,20.67
59,atambua,25,ID,1594001158,65,-9.11,124.89,79.29,4.59
60,tessalit,0,ML,1594001158,30,20.2,1.01,85.05,6.11
61,qarqin,0,AF,1594001159,20,37.42,66.04,77.11,6.98
62,mataura,100,NZ,1594001159,96,-46.19,168.86,46.08,2.66
63,port elizabeth,17,CD,1594001159,50,-7.03,29.76,69.17,6.46
64,cape town,100,CL,1594001159,100,-36.41,-71.9,42.8,2.24
65,airai,69,TL,1594001159,91,-8.93,125.41,64.45,5.23
66,albany,42,US,1594001159,76,42.6,-73.97,79.0,6.06
67,nikolskoye,75,RU,1594001159,88,59.7,30.79,64.4,15.66
68,yellowknife,20,CA,1594001159,32,62.46,-114.35,69.8,13.87
69,saint-francois,40,FR,1594001159,72,46.42,3.91,66.2,3.36
70,namibe,75,AO,1594001159,65,-15.2,12.15,68.16,3.22
71,narsaq,93,GL,1594001160,75,60.92,-46.05,46.4,2.24
72,qaanaaq,0,GL,1594001160,63,77.48,-69.36,43.09,1.43
73,saldanha,7,ZA,1594001160,87,-33.01,17.94,50.0,2.24
74,kruisfontein,89,ZA,1594001160,91,-34.0,24.73,51.04,5.57
75,afyonkarahisar,7,TR,1594001160,68,38.75,30.67,66.34,3.49
76,sorong,0,ID,1594001160,70,-0.88,131.25,84.15,7.52
77,hargeysa,100,SO,1594001160,68,9.56,44.06,68.52,32.64
78,beringovskiy,47,RU,1594001160,83,63.05,179.32,47.5,13.94
79,dholka,90,IN,1594001160,94,22.72,72.47,78.8,4.7
80,comodoro rivadavia,21,BR,1594001160,58,-13.66,-59.79,71.91,4.12
81,abakaliki,94,NG,1594001160,96,6.32,8.12,72.91,4.45
82,cardenas,40,CU,1594001161,78,23.04,-81.2,78.8,5.82
83,okakarara,0,NA,1594001161,63,-20.58,17.43,41.11,3.6
84,bredasdorp,97,ZA,1594001161,93,-34.53,20.04,48.2,2.24
85,avera,40,US,1594001161,94,33.19,-82.53,82.4,4.7
86,ostashkov,14,RU,1594001161,95,57.15,33.11,59.99,8.55
87,orocue,58,CO,1594001161,91,4.79,-71.34,74.91,6.89
88,moree,0,AU,1594001161,54,-29.47,149.85,55.4,5.82
89,ribeira brava,75,ES,1594001161,87,42.75,-8.44,64.99,8.05
90,sur,95,OM,1594001162,59,22.57,59.53,89.76,7.07
91,katangli,100,RU,1594001162,92,51.71,143.23,49.98,8.19
92,norman wells,1,US,1594001002,62,35.22,-97.44,84.2,6.93
93,ambilobe,51,MG,1594001162,82,-13.2,49.05,68.11,1.9
94,faanui,89,PF,1594001162,77,-16.48,-151.75,78.49,13.56
95,barrow,1,US,1594001162,75,71.29,-156.79,42.8,14.99
96,yuanping,0,CN,1594001162,38,38.72,112.76,82.67,0.72
97,arlit,0,NE,1594001163,13,18.74,7.39,84.78,2.68
98,vitim,93,RU,1594001163,35,59.45,112.56,72.19,1.16
99,dikson,98,RU,1594001163,65,73.51,80.55,49.12,15.88
100,grindavik,0,IS,1594001164,76,63.84,-22.43,50.0,13.87
101,svetlyy,90,RU,1594001164,87,54.67,20.13,60.8,6.71
102,dzhebariki-khaya,48,RU,1594001164,51,62.22,135.8,66.61,4.12
103,skibbereen,40,IE,1594001164,81,51.55,-9.27,51.8,12.75
104,joshimath,4,IN,1594001164,41,30.57,79.57,70.61,1.23
105,katsuura,75,JP,1594001165,94,35.13,140.3,77.0,10.29
106,nemesvamos,0,HU,1594001165,88,47.06,17.87,64.4,3.58
107,salalah,40,OM,1594001165,88,17.02,54.09,80.6,6.93
108,tuatapere,100,NZ,1594001165,93,-46.13,167.68,48.34,5.46
109,emerald,98,AU,1594001165,45,-23.53,148.17,62.6,12.75
110,anloga,20,GH,1594001165,88,5.79,0.9,77.0,6.93
111,hithadhoo,100,MV,1594001165,75,-0.6,73.08,83.82,12.35
112,ponta do sol,100,PT,1594001166,100,38.73,-28.27,64.15,7.14
113,mokhsogollokh,84,RU,1594001166,45,61.47,128.92,66.6,2.77
114,fairbanks,1,US,1594000991,33,64.84,-147.72,75.2,6.93
115,luebo,77,CD,1594001166,44,-5.35,21.42,66.65,2.21
116,sola,99,VU,1594001166,82,-13.88,167.55,80.38,22.93
117,tunceli,0,TR,1594001166,48,39.11,39.55,64.4,6.93
118,zaysan,100,KZ,1594000866,38,47.47,84.87,72.48,3.89
119,tasiilaq,8,GL,1594001166,80,65.61,-37.64,39.2,23.04
120,boksitogorsk,79,RU,1594001166,90,59.47,33.85,61.72,10.36
121,mount gambier,53,GB,1594001167,91,53.66,-1.85,52.0,5.99
122,smithers,75,CA,1594001167,59,54.78,-127.17,62.6,2.24
123,sabang,100,ID,1594001167,72,5.89,95.32,84.04,6.17
124,bengkulu,12,ID,1594001167,65,-3.8,102.27,83.41,4.65
125,yeppoon,42,AU,1594001167,32,-23.13,150.73,68.0,9.17
126,merauke,98,ID,1594001167,76,-8.47,140.33,79.54,12.44
127,luderitz,0,NA,1594001167,19,-26.65,15.16,68.0,2.24
128,paraiso,90,CR,1594001167,100,9.84,-83.87,69.8,3.36
129,isangel,90,VU,1594001167,78,-19.55,169.27,77.0,4.7
130,coquimbo,11,CL,1594001119,87,-29.95,-71.34,51.8,2.24
131,kamenka,33,RU,1594001168,56,51.32,42.77,66.88,1.59
132,bluff,100,NZ,1594001168,92,-46.6,168.33,49.14,18.54
133,bakchar,100,RU,1594001168,95,57.02,82.07,62.47,4.65
134,point fortin,20,ZA,1594001168,87,-29.86,31.04,59.0,3.36
135,zaranj,0,AF,1594001168,20,30.97,61.88,79.59,20.56
136,nanortalik,99,GL,1594001168,87,60.14,-45.24,39.88,8.63
137,sitka,90,US,1594001072,76,57.05,-135.33,57.2,3.36
138,college,75,US,1594001168,36,64.86,-147.8,75.2,10.29
139,namatanai,5,PG,1594001169,66,-3.67,152.43,84.47,4.54
140,geraldton,62,AU,1594001169,49,-28.77,114.6,68.0,11.41
141,ust-maya,96,RU,1594001169,83,60.42,134.53,62.22,2.98
142,taoudenni,0,ML,1594001169,12,22.68,-3.98,90.09,5.12
143,tevriz,100,RU,1594001169,75,57.51,72.4,63.82,1.61
144,asau,0,RO,1594001169,92,46.43,26.4,61.0,3.36
145,lavrentiya,100,RU,1594001169,91,65.58,-171.0,48.22,3.67
146,bang saphan,100,CM,1594001169,86,9.87,13.98,75.79,5.55
147,tarbagatay,53,RU,1594001169,33,51.48,107.36,71.6,13.42
148,barra da estiva,0,BR,1594001170,59,-11.09,-43.14,74.98,12.17
149,malindi,11,KE,1594000898,74,-3.22,40.12,76.73,19.26
150,dingle,22,PH,1594001170,70,11.0,122.67,86.14,7.58
151,puerto ayora,0,ES,1594001170,73,36.59,-6.23,77.0,4.7
152,aklavik,75,CA,1594001170,81,68.22,-135.01,42.8,12.75
153,pierre,1,US,1594000935,50,44.37,-100.35,78.01,17.22
154,ondangwa,0,NA,1594001170,37,-17.92,15.95,53.6,3.36
155,innisfail,50,AU,1594001170,66,-17.53,146.03,69.8,11.68
156,cenei,0,RO,1594001171,100,45.72,20.9,62.6,5.82
157,vanimo,100,PG,1594001171,63,-2.67,141.3,85.15,5.88
158,uusikaupunki,75,FI,1594001171,72,60.8,21.41,59.0,14.99
159,atuona,23,PF,1594001171,75,-9.8,-139.03,79.5,21.03
160,askiz,100,RU,1594001171,87,53.13,90.53,63.86,7.4
161,lorengau,32,PG,1594001171,72,-2.02,147.27,84.88,11.63
162,homer,90,US,1594001089,63,59.64,-151.55,64.4,11.41
163,saint-philippe,89,RE,1594001171,72,-21.36,55.77,68.0,6.93
164,iqaluit,75,CA,1594001171,81,63.75,-68.51,51.8,12.75
165,kutum,89,SD,1594001171,58,14.2,24.67,75.67,19.15
166,sakakah,0,SA,1594001172,30,29.97,40.21,82.4,12.75
167,macusani,0,PE,1594001172,84,-14.08,-70.43,34.12,2.8
168,komsomolskiy,86,UZ,1594001172,20,40.43,71.72,77.0,9.17
169,tequila,67,MX,1594001172,88,20.88,-103.83,73.0,5.99
170,clyde river,0,US,1594001172,63,41.3,-82.98,79.0,1.99
171,vila do maio,3,PT,1594001153,82,42.03,-8.16,68.0,4.7
172,bambanglipuro,4,ID,1594000960,70,-7.95,110.28,82.36,12.06
173,hobyo,49,SO,1594001172,73,5.35,48.53,78.58,17.76
174,souillac,75,MU,1594001173,94,-20.52,57.52,71.6,9.17
175,carnarvon,90,AU,1594001173,100,-24.87,113.63,66.2,10.29
176,georgetown,20,MY,1594000890,88,5.41,100.34,82.4,4.7
177,cidreira,100,BR,1594001173,87,-30.18,-50.21,58.57,10.83
178,boa vista,100,CM,1594001173,89,4.43,8.97,74.59,1.16
179,jalalabad,1,AF,1594001173,51,34.43,70.45,80.6,6.93
180,manokwari,26,ID,1594001076,62,-0.87,134.08,84.54,4.18
181,steamboat springs,90,CA,1594001173,67,58.68,-123.72,60.8,9.17
182,luwuk,100,ID,1594001174,76,-0.95,122.79,81.34,5.86
183,dicabisagan,100,PH,1594001174,64,17.08,122.42,88.2,10.18
184,palasa,100,IN,1594001174,76,18.77,84.42,83.44,4.54
185,larap,6,PH,1594001174,62,14.3,122.65,88.48,3.11
186,liverpool,69,GB,1594001052,76,53.41,-2.98,55.4,26.4
187,srednekolymsk,85,RU,1594001174,60,67.45,153.68,61.0,9.78
188,carballo,90,ES,1594001174,82,43.21,-8.69,64.4,9.17
189,egvekinot,93,RU,1594001174,94,66.32,-179.17,43.59,7.87
190,olovyannaya,0,RU,1594001174,37,50.95,115.57,68.61,12.71
191,pisco,75,PE,1594001174,87,-13.7,-76.22,60.8,4.7
192,mareeba,10,AU,1594001174,50,-17.0,145.43,75.2,12.75
193,svetlogorsk,0,BY,1594001175,92,52.63,29.73,61.09,4.7
194,torbay,90,CA,1594001175,100,47.67,-52.73,48.99,6.93
195,oktyabrskoye,0,RU,1594001175,87,43.06,44.74,60.8,6.71
196,cabo san lucas,75,BR,1594001175,83,-8.28,-35.03,78.8,11.41
197,vikindu,20,TZ,1594001175,94,-7.01,39.3,68.0,3.36
198,san jose,100,ML,1594001175,62,13.3,-4.9,83.34,3.89
199,lakes entrance,75,US,1594001175,60,61.61,-149.31,69.8,11.41
200,morristown,1,US,1594001175,88,36.21,-83.29,77.0,4.56
201,zeya,0,RU,1594001175,33,53.75,127.27,74.66,6.44
202,saint-pierre,71,RE,1594001175,72,-21.34,55.48,64.4,6.93
203,upernavik,97,GL,1594001175,80,72.79,-56.15,42.13,9.44
204,sao joao da barra,100,IN,1594001176,87,20.51,76.21,74.88,11.43
205,provideniya,90,RU,1594001176,81,64.38,-173.3,50.0,15.66
206,touros,75,BR,1594001176,100,-5.2,-35.46,73.4,5.82
207,isabela,40,PH,1594001176,74,6.71,121.97,84.2,3.36
208,paita,96,PE,1594001176,82,-5.09,-81.11,64.8,13.56
209,lata,0,PT,1594001176,92,40.16,-8.33,68.0,1.14
210,bose,4,IT,1594001176,86,45.46,8.01,71.01,4.25
211,sajanan,40,TN,1594001176,78,37.06,9.24,71.6,9.17
212,vizinga,60,RU,1594001177,78,61.07,50.1,65.55,3.06
213,mogok,100,MM,1594001177,100,22.92,96.5,67.05,2.42
214,koumac,98,NC,1594001177,59,-20.57,164.28,73.29,12.03
215,thinadhoo,100,MV,1594001177,66,0.53,72.93,84.27,3.4
216,changde,100,CN,1594001177,95,29.05,111.68,76.78,2.89
217,zhuravka,0,UA,1594001177,93,50.48,32.59,63.12,5.59
218,iwanai,0,JP,1594001177,55,42.97,140.51,77.65,3.94
219,amparafaravola,83,MG,1594001178,94,-17.58,48.22,55.45,4.76
220,nayagarh,100,IN,1594001179,81,20.13,85.1,81.19,4.25
221,jawhar,100,SO,1594001043,80,2.78,45.5,76.3,16.8
222,jieshi,97,CN,1594001179,76,22.81,115.83,85.69,13.56
223,lagoa,100,PT,1594001179,94,39.05,-27.98,67.53,8.37
224,tomatlan,100,MX,1594001179,87,19.93,-105.25,78.57,1.12
225,coihaique,75,CL,1594001179,92,-45.58,-72.07,30.2,0.98
226,pochutla,100,MX,1594001179,85,15.74,-96.47,80.01,0.72
227,northam,0,GB,1594001179,85,51.03,-4.22,57.0,11.01
228,jalu,0,LY,1594001179,82,29.03,21.55,70.74,11.27
229,rundu,0,NA,1594001066,43,-17.93,19.77,51.8,3.36
230,sergeyevka,72,KZ,1594001180,76,53.88,67.42,65.95,3.91
231,shimoda,75,JP,1594001180,100,34.67,138.95,77.0,16.11
232,vostok,74,RU,1594001180,61,46.49,135.88,73.56,4.41
233,hovd,45,MN,1594001180,40,48.01,91.64,66.06,2.82
234,haines junction,90,US,1594001180,59,59.23,-135.44,64.4,8.05
235,westport,1,US,1594001180,88,41.14,-73.36,78.01,4.7
236,cayenne,90,GF,1594000925,100,4.93,-52.33,77.0,8.01
237,yarim,100,YE,1594001180,78,14.3,44.38,57.99,2.21
238,tuktoyaktuk,90,CA,1594001181,87,69.45,-133.04,42.8,13.87
239,dhidhdhoo,100,MV,1594001181,75,6.88,73.1,82.83,9.46
240,inta,60,RU,1594001181,84,66.03,60.17,63.88,8.59
241,kodiak,90,US,1594001181,93,57.79,-152.41,55.4,6.2
242,tigil,100,RU,1594001181,94,57.8,158.67,52.63,5.59
243,longyearbyen,40,SJ,1594001116,76,78.22,15.64,48.2,19.46
244,raga,100,SS,1594001181,96,8.46,25.68,69.85,4.23
245,saint-joseph,78,RE,1594001181,72,-21.37,55.62,64.4,6.93
246,majene,49,ID,1594001181,77,-3.54,118.97,81.55,12.84
247,qui nhon,40,BR,1594001182,69,-10.97,-37.6,80.6,9.17
248,urumqi,75,CN,1594001182,47,43.8,87.6,75.2,4.47
249,svetlaya,58,RU,1594001182,71,46.54,138.33,68.63,9.93
250,veraval,100,IN,1594001182,87,20.9,70.37,82.17,20.33
251,tygda,0,RU,1594001182,32,53.12,126.33,74.46,4.92
252,moron,0,AR,1594001053,93,-34.65,-58.62,46.99,1.12
253,charters towers,1,US,1594001182,58,38.57,-83.43,84.2,3.36
254,maldonado,40,UY,1594001183,76,-34.67,-54.92,51.01,10.29
255,auray,41,FR,1594001183,93,47.67,-2.99,53.01,4.7
256,verkhnevilyuysk,87,RU,1594001183,63,63.45,120.32,55.65,5.01
257,hofn,96,IS,1594001183,60,64.25,-15.21,47.82,18.12
258,marawi,0,PH,1594001183,82,8.0,124.29,82.0,5.01
259,baghdad,0,IQ,1594001148,28,33.34,44.4,80.6,2.24
260,kindu,100,CD,1594001183,69,-2.95,25.95,74.82,0.78
261,namwala,62,ZM,1594001183,89,-15.75,26.44,45.16,2.3
262,sao filipe,100,IN,1594001176,87,20.51,76.21,74.88,11.43
263,margate,0,GB,1594001183,68,51.38,1.39,57.99,4.0
264,pangnirtung,100,CA,1594001183,84,66.15,-65.71,44.01,1.99
265,cody,1,US,1594001184,45,44.53,-109.06,70.0,18.34
266,launceston,8,AU,1594000994,66,-41.45,147.17,51.8,8.05
267,riberalta,61,BO,1594001184,71,-10.98,-66.1,76.64,2.51
268,ajaccio,0,FR,1594001184,82,42.0,8.92,64.4,5.82
269,vila franca do campo,3,PT,1594001184,82,42.03,-8.16,68.0,4.7
270,ilulissat,100,GL,1594001166,70,69.22,-51.1,46.4,4.7
271,gemena,69,CD,1594001184,98,3.25,19.77,69.06,2.39
272,adrar,0,MR,1594001184,11,20.5,-10.07,94.05,12.82
273,san cristobal,100,ML,1594001184,62,13.3,-4.9,83.34,3.89
274,artesia,20,US,1594001185,32,33.87,-118.08,87.01,6.93
275,severobaykalsk,4,RU,1594001183,45,55.65,109.32,60.13,3.67
276,kurilsk,90,RU,1594001185,82,45.23,147.88,59.13,7.47
277,assiniboia,14,CA,1594001102,53,49.63,-105.98,69.75,6.26
278,sarkand,100,KZ,1594001185,63,45.41,79.92,65.32,2.66
279,palauig,73,PH,1594001185,65,15.44,119.9,86.54,6.62
280,oistins,20,BB,1594000914,78,13.07,-59.53,82.4,16.11
281,takoradi,100,GH,1594001185,88,4.88,-1.76,75.51,8.39
282,bathsheba,20,BB,1594001185,78,13.22,-59.52,82.4,16.11
283,shingu,75,JP,1594001185,94,33.73,135.98,75.2,17.22
284,kavieng,16,PG,1594001185,64,-2.57,150.8,85.05,5.68
285,brisbane,26,AU,1594001137,42,-27.47,153.03,69.01,8.05
286,gat,85,IL,1594001186,81,31.61,34.76,78.01,6.85
287,lebu,99,CL,1594001186,79,-37.62,-73.65,45.12,4.68
288,raudeberg,100,NO,1594001186,90,61.99,5.14,53.01,8.86
289,sorland,90,NO,1594001186,77,67.67,12.69,50.45,19.26
290,raychikhinsk,100,RU,1594001186,97,49.78,129.41,61.83,6.62
291,kudahuvadhoo,100,MV,1594001186,76,2.67,72.89,82.67,15.97
292,pevek,100,RU,1594001186,88,69.7,170.31,46.83,5.19
293,gushikawa,40,JP,1594001186,74,26.35,127.87,89.01,19.46
294,japura,85,ID,1594001186,84,-0.32,102.35,80.11,3.31
295,kiama,40,AU,1594001186,58,-34.68,150.87,64.0,9.17
296,saskylakh,100,RU,1594001187,69,71.92,114.08,44.64,15.64
297,husavik,20,IS,1594001187,75,66.04,-17.34,42.8,9.17
298,vestmannaeyjar,13,IS,1594001187,84,63.44,-20.27,52.05,5.68
299,wetaskiwin,75,CA,1594001187,82,52.97,-113.37,62.01,8.05
300,bom jesus,88,ML,1594001187,58,14.95,-2.93,83.91,8.01
301,san patricio,100,ML,1594001175,62,13.3,-4.9,83.34,3.89
302,ndende,84,GA,1594001187,91,-2.4,11.36,71.28,2.15
303,east london,75,IS,1594001138,70,65.0,-15.0,42.8,16.11
304,rio verde de mato grosso,20,GR,1594001188,78,38.3,21.78,71.6,4.25
305,ngama,100,TD,1594001188,70,11.78,17.17,78.66,8.7
306,hamilton,1,US,1594001188,69,39.18,-84.53,82.99,4.63
307,biscarrosse,75,FR,1594001188,93,44.39,-1.17,64.4,3.36
308,council bluffs,1,US,1594001188,32,44.73,-116.44,73.4,5.82
309,pangoa,45,PE,1594001188,92,-12.12,-73.0,68.13,2.39
310,houma,1,US,1594001188,83,29.6,-90.72,79.0,4.7
311,meridian,1,US,1594001161,17,43.61,-116.39,86.0,10.29
312,daru,100,PG,1594001188,82,-9.08,143.21,79.25,15.57
313,kabo,100,CF,1594001189,96,7.7,18.63,69.64,2.84
314,guerrero negro,100,MX,1594001189,79,17.67,-100.0,69.39,2.73
315,kez,67,RU,1594001189,93,57.9,53.72,64.45,1.79
316,hambantota,75,LK,1594001189,100,6.12,81.12,78.8,8.05
317,tromso,20,NO,1594001189,81,69.65,18.96,44.6,10.29
318,savannah bight,75,US,1594001089,88,32.08,-81.1,77.0,3.36
319,mys shmidta,5,RU,1594001189,85,62.06,48.62,64.54,3.69
320,dalvik,20,IS,1594001190,75,65.97,-18.53,42.8,9.17
321,flin flon,75,FR,1594001190,88,48.5,6.66,62.6,10.29
322,pestravka,88,RU,1594001190,65,52.41,49.96,74.34,1.59
323,leningradskiy,5,RU,1594001190,65,69.38,178.42,52.61,13.85
324,cotonou,40,BJ,1594001190,88,6.37,2.42,78.8,9.17
325,okha,100,RU,1594001190,81,53.57,142.95,54.48,5.66
326,felanitx,0,ES,1594001190,82,39.47,3.15,70.0,1.12
327,bethel,1,US,1594001190,69,41.37,-73.41,75.2,1.77
328,mananara,100,MG,1594001191,83,-16.17,49.77,70.0,8.43
329,zelenoborskiy,40,RU,1594001191,86,66.84,32.36,48.92,8.39
330,nome,90,US,1594001192,93,64.5,-165.41,55.99,11.41
331,saint-augustin,0,CA,1594001192,84,51.23,-58.65,51.03,5.61
332,amapa,100,BR,1594001192,98,1.0,-52.0,72.1,2.15
333,camopi,99,GF,1594001192,97,3.17,-52.32,73.38,2.13
334,soyo,64,AO,1594001192,88,-6.13,12.37,72.27,6.44
335,boca do acre,23,IT,1594001192,87,45.68,8.41,71.01,1.01
336,wanning,9,CN,1594001192,72,18.8,110.4,86.9,14.61
337,komsomolets,100,KZ,1594001192,92,53.75,62.07,61.81,4.07
338,turukhansk,99,RU,1594001192,92,65.82,87.98,61.02,4.29
339,tazovskiy,0,RU,1594001192,83,67.47,78.7,54.77,13.96
340,benghazi,7,LY,1594001193,81,32.12,20.07,76.03,15.57
341,kaitangata,100,NZ,1594001193,89,-46.28,169.85,50.0,1.99
342,pervomayskoye,0,RU,1594001193,47,43.92,46.71,74.3,10.09
343,dickinson,1,US,1594000982,70,29.46,-95.05,86.0,6.93
344,honiara,75,SB,1594001193,70,-9.43,159.95,87.8,6.93
345,anlu,100,CN,1594001193,91,31.17,112.58,73.92,4.09
346,iquique,90,CL,1594001108,72,-20.22,-70.14,60.8,6.93
347,moerai,100,PF,1594001193,86,-22.43,-151.33,71.51,19.33
348,ancud,75,CL,1594001193,100,-41.87,-73.82,43.0,5.82
349,starosubkhangulovo,92,RU,1594001193,89,53.1,57.44,64.69,2.39
350,kahului,31,US,1594001194,85,20.89,-156.47,82.0,5.99
351,lakatoro,90,VU,1594001194,94,-16.1,167.42,77.0,6.93
352,ajdabiya,2,LY,1594001194,89,30.76,20.23,71.46,6.73
353,odweyne,100,SO,1594001194,57,9.41,45.06,72.39,24.14
354,ust-ishim,17,RU,1594001194,70,57.69,71.17,66.85,2.82
355,zvenigorod,0,RU,1594001194,93,55.73,36.85,62.6,4.47
356,davila,20,PH,1594001194,74,18.47,120.58,86.0,9.17
357,sibolga,82,ID,1594001194,65,1.74,98.78,84.07,1.45
358,grand river south east,1,US,1594001194,7,38.88,-109.5,96.8,9.17
359,thessalon,1,CA,1594001195,77,46.25,-83.57,69.8,2.89
360,mayo,1,US,1594001195,74,38.89,-76.51,81.0,9.31
361,bubaque,100,GW,1594001195,79,11.28,-15.83,81.32,8.68
362,bairiki,20,KI,1594001195,66,1.33,172.98,87.8,13.87
363,kasongo-lunda,39,CD,1594001195,36,-6.47,16.82,63.66,1.41
364,baglan,0,AF,1594001195,16,36.13,68.71,83.93,2.3
365,kumano,75,JP,1594001195,100,34.34,132.59,75.2,4.7
366,parrita,90,CR,1594001195,100,9.52,-84.32,69.8,3.36
367,port lincoln,17,CD,1594001159,50,-7.03,29.76,69.17,6.46
368,ljungby,0,SE,1594001196,93,56.83,13.94,52.0,11.41
369,codrington,100,AU,1594001196,76,-38.27,141.97,56.16,8.99
370,douglas,1,US,1594000911,62,41.3,-96.17,84.2,3.36
371,luanda,75,AO,1594000953,94,-8.84,13.23,69.8,3.36
372,kieta,76,PG,1594001196,67,-6.22,155.63,85.06,7.85
373,yar-sale,100,RU,1594001196,49,66.83,70.83,68.14,2.17
374,noumea,40,NC,1594001197,47,-22.28,166.46,75.2,9.17
375,cape canaveral,100,CL,1594001197,100,-36.41,-71.9,42.8,2.24
376,kushmurun,100,KZ,1594001197,70,52.45,64.63,67.51,4.76
377,korla,100,CN,1594001197,24,41.76,86.15,83.75,8.43
378,crab hill,1,US,1594001197,61,37.27,-76.49,80.6,8.05
379,kargopol,49,RU,1594001198,97,61.51,38.95,58.35,7.99
380,owando,87,CG,1594001198,95,-0.48,15.9,70.86,2.73
381,southbridge,89,US,1594001198,79,42.08,-72.03,73.0,0.4
382,marzuq,69,YE,1594001198,71,14.4,46.47,74.41,4.21
383,waipawa,88,NZ,1594001198,71,-41.41,175.52,57.2,20.8
384,pacific grove,7,US,1594001147,76,38.48,-90.74,81.0,2.01
385,pontes e lacerda,0,BR,1594001198,74,-4.83,-43.37,78.8,2.24
386,vilhena,2,BR,1594001036,64,-12.74,-60.15,70.88,2.3
387,talnakh,75,RU,1594001199,93,69.49,88.4,59.0,8.95
388,ulladulla,40,AU,1594001199,58,-35.35,150.47,57.2,9.17
389,mana,97,GF,1594001199,87,5.66,-53.78,76.95,9.64
390,padang,73,ID,1594001199,64,-0.95,100.35,83.98,2.17
391,batsfjord,100,NO,1594001199,92,70.63,29.72,48.4,5.95
392,colonia leopoldina,40,DE,1594001199,62,50.93,6.95,60.01,16.11
393,pauini,94,BR,1594001199,75,-7.71,-66.98,77.07,1.36
394,beira,3,MZ,1594001201,81,-19.84,34.84,62.29,3.65
395,balkanabat,0,TM,1594001201,19,39.51,54.37,85.71,5.37
396,ust-nera,100,RU,1594001201,48,64.57,143.2,60.19,5.5
397,bokoro,99,TD,1594001201,65,12.38,17.06,80.19,11.07
398,puerto escondido,0,ES,1594001170,73,36.59,-6.23,77.0,4.7
399,jiayuguan,100,CN,1594001201,18,39.82,98.3,83.19,3.78
400,hyeres,0,FR,1594001202,88,43.12,6.12,71.01,3.36
401,chiesanuova,0,SM,1594001202,59,43.9,12.42,71.01,4.7
402,tsiroanomandidy,2,MG,1594001202,85,-18.77,46.03,57.06,2.66
403,aksarka,16,RU,1594001202,60,66.56,67.8,68.36,6.38
404,hualmay,34,PE,1594001202,84,-11.1,-77.61,60.91,8.32
405,vangaindrano,0,MG,1594001202,90,-23.35,47.6,61.27,4.68
406,coruripe,10,BR,1594001203,87,-10.13,-36.18,74.12,8.88
407,mecca,22,SA,1594001204,26,21.43,39.83,80.11,2.62
408,kelamangalam,75,IN,1594001204,94,12.6,77.85,77.0,11.41
409,tecoanapa,100,MX,1594001204,77,16.52,-98.75,81.99,4.63
410,bundaberg,45,AU,1594001204,45,-24.85,152.35,68.0,6.93
411,sira,100,IN,1594001204,78,13.75,76.91,74.03,10.63
412,sikandra,83,IN,1594001204,55,26.37,79.65,90.0,7.36
413,anzio,0,IT,1594001204,87,41.49,12.62,73.0,1.01
414,san gabriel,100,ML,1594001205,62,13.3,-4.9,83.34,3.89
415,nishihara,75,JP,1594001205,74,26.18,127.76,89.01,14.99
416,mehamn,100,NO,1594001205,95,71.04,27.85,46.67,3.22
417,maua,0,BR,1594001205,60,-23.67,-46.46,69.8,8.05
418,loma bonita,100,SL,1594000947,100,9.75,-12.03,71.73,1.1
419,paratinga,0,BR,1594001205,55,-12.69,-43.18,73.0,6.82
420,yuancheng,7,CN,1594001205,28,36.65,107.79,82.56,7.09
421,payette,1,US,1594001206,26,44.08,-116.93,84.99,5.39
422,nam tha,43,CN,1594001206,41,29.42,90.91,63.59,5.01
423,san mateo del mar,100,ML,1594001206,62,13.3,-4.9,83.34,3.89
424,illapel,100,CL,1594001206,77,-31.63,-71.17,50.97,0.67
425,wicklow,75,IE,1594001206,87,53.0,-6.42,51.8,18.34
426,pandan,1,PH,1594001207,69,14.05,124.17,86.43,8.41
427,ecoporanga,0,BR,1594001207,92,-18.37,-40.83,62.6,1.61
428,santa catarina de tepehuanes,100,PH,1594001207,66,17.49,120.43,86.58,2.98
429,hasaki,75,JP,1594001207,94,35.73,140.83,75.2,8.05
430,narasannapeta,100,IN,1594001207,79,18.42,84.05,82.2,6.49
431,kropotkin,0,RU,1594001207,79,45.44,40.58,69.94,4.54
432,escanaba,1,US,1594001207,94,45.75,-87.06,73.4,3.36
433,qasigiannguit,100,GL,1594001208,70,68.82,-51.19,46.4,4.7
434,kattivakkam,75,IN,1594001208,79,13.22,80.32,84.2,5.82
435,ostrov,84,RU,1594001208,93,57.34,28.35,64.4,8.95
436,uyutne,0,UA,1594001208,65,45.2,33.3,76.51,5.59
437,gigmoto,25,PH,1594001208,69,13.78,124.39,86.25,10.4
438,upata,100,VE,1594001208,94,8.01,-62.4,75.99,3.0
439,celestun,81,MX,1594001209,75,20.87,-90.4,83.03,14.03
440,glenwood springs,1,US,1594001209,54,41.54,-87.6,82.4,3.36
441,san quintin,100,ML,1594001205,62,13.3,-4.9,83.34,3.89
442,daloa,35,CI,1594001209,96,6.88,-6.45,69.03,3.18
443,kloulklubed,75,PW,1594001209,74,7.04,134.26,86.0,12.75
444,igunga,87,TZ,1594001209,65,-4.28,33.88,62.96,5.93
445,koppang,100,NO,1594001209,96,61.57,11.06,42.01,1.99
446,marienburg,89,PL,1594001209,87,54.04,19.03,63.0,4.7
447,valparaiso,100,CL,1594001029,93,-33.04,-71.63,50.0,2.24
448,dauriya,0,RU,1594001210,35,49.93,116.87,70.21,11.14
449,sukhobuzimskoye,47,RU,1594001210,88,56.5,93.27,68.0,2.24
450,derzhavinsk,100,KZ,1594001210,58,51.1,66.32,67.59,4.54
451,chickasha,1,US,1594000994,94,35.05,-97.94,77.0,3.83
452,klaksvik,96,FO,1594001166,81,62.23,-6.59,42.8,26.4
453,zyryanka,100,RU,1594001210,91,65.75,150.85,51.35,12.82
454,calamar,100,CO,1594001210,91,10.25,-74.91,76.57,3.67
455,gulu,100,UG,1594001210,97,2.77,32.3,62.65,1.32
456,cairns,28,AU,1594001149,50,-16.92,145.77,75.2,12.75
457,teguldet,0,RU,1594001211,87,57.31,88.17,69.55,2.62
458,khani,0,GE,1594001211,94,41.96,42.96,71.6,2.24
459,atar,97,MR,1594001211,38,20.52,-13.05,88.77,3.47
460,discovery bay,64,CA,1594001211,55,63.18,-113.9,59.83,19.24
461,sioux lookout,1,US,1594001122,71,42.73,-96.23,96.8,7.29
462,moulins,40,FR,1594000940,72,46.5,3.33,66.2,3.36
463,ribeira grande,75,ES,1594001211,87,42.75,-8.44,64.99,8.05
464,chilliwack,20,CA,1594001211,46,49.17,-121.94,73.4,10.29
465,formoso do araguaia,3,BR,1594001212,69,-14.95,-46.23,63.72,4.61
466,laguna,1,US,1594001137,17,38.42,-121.42,93.2,12.75
467,pirovskoye,20,RU,1594001212,71,57.63,92.27,72.72,4.74
468,abbeville,79,FR,1594001212,82,50.1,1.83,55.99,14.81
469,tevaitoa,81,PF,1594001212,76,-16.78,-151.5,79.3,13.4
470,cap malheureux,75,FR,1594001212,81,49.27,-1.21,55.99,17.22
471,caetite,9,BR,1594001212,85,-14.07,-42.48,63.61,10.11
472,kenai,40,US,1594001212,82,60.55,-151.26,62.6,13.87
473,hirado,75,JP,1594001213,88,33.36,129.55,80.6,21.92
474,banda aceh,99,IN,1594001213,62,25.48,80.33,88.05,4.43
475,eregli,0,TR,1594001213,43,37.51,34.05,68.13,3.96
476,carutapera,90,BR,1594001213,88,-1.2,-46.02,75.34,5.59
477,dunedin,100,NZ,1594001213,87,-45.87,170.5,51.01,3.42
478,parintins,18,BR,1594000996,88,-2.63,-56.74,76.05,2.55
479,bardsir,20,IR,1594001213,40,29.92,56.57,71.6,2.24
480,aku,100,NG,1594001214,99,6.71,7.32,70.97,5.35
481,broome,1,US,1594001214,53,42.25,-75.83,73.4,6.93
482,alofi,48,NU,1594001214,78,-19.06,-169.92,78.8,13.87
483,punta alta,1,PH,1594001214,62,8.99,125.34,87.3,5.35
484,changli,69,CN,1594001214,69,39.7,119.15,78.06,8.19
485,severo-kurilsk,100,RU,1594001214,80,50.68,156.12,54.9,2.71
486,caibarien,75,CU,1594001214,83,22.52,-79.47,77.0,2.24
487,tutoia,1,BR,1594001214,87,-2.76,-42.27,76.57,5.84
488,digha,100,IN,1594001215,78,21.68,87.55,86.05,6.76
489,zhetysay,0,KZ,1594001215,47,40.73,68.3,70.77,5.1
490,lagunillas,57,VE,1594001215,80,10.13,-71.26,79.14,8.03
491,christchurch,100,NZ,1594000989,87,-43.53,172.63,52.0,9.17
492,acapulco,75,MX,1594001046,74,16.86,-99.89,84.2,6.93
493,yerbogachen,94,RU,1594001215,46,61.28,108.01,67.12,3.42
494,xining,99,CN,1594001215,45,36.62,101.77,66.81,1.25
495,kijang,90,KR,1594001216,83,35.24,129.21,73.4,2.24
496,kahta,0,TR,1594001216,32,37.79,38.62,80.6,13.87
497,mae sai,0,CN,1594001216,69,34.82,108.93,80.6,4.47
498,seoul,20,KR,1594001216,61,37.57,126.98,78.8,3.65
499,sao jose da coroa grande,100,IN,1594001176,87,20.51,76.21,74.88,11.43
500,mtwara,20,TZ,1594001216,68,-10.27,40.18,68.0,13.78
501,weinan,0,CN,1594001216,69,34.5,109.51,84.99,4.47
502,nicolas bravo,33,HT,1594001216,84,18.23,-73.82,78.01,3.29
503,santa marta,100,PH,1594000920,66,17.49,120.43,86.58,2.98
504,portland,20,US,1594001092,38,45.52,-122.68,75.99,8.05
505,campos altos,0,BR,1594001217,93,-21.75,-41.3,65.46,7.2
506,campoverde,100,PE,1594001217,81,-8.48,-74.81,74.64,0.78
507,krasnovishersk,27,RU,1594001217,85,60.41,57.08,64.92,1.34
508,zalantun,100,CN,1594001217,81,48.0,122.72,65.59,8.12
509,huasahuasi,100,PE,1594001217,99,-11.32,-75.62,41.18,1.95
510,shieli,0,KZ,1594001217,41,44.17,66.75,74.12,6.93
511,kalaleh,0,IR,1594001217,73,37.38,55.49,71.6,2.24
512,jiazi,95,CN,1594001217,74,22.88,116.07,86.22,13.8
513,hervey bay,40,US,1594001218,74,33.5,-93.78,82.4,3.36
514,buchanan,88,LR,1594001218,83,5.88,-10.05,74.88,9.04
515,najran,97,SA,1594001218,24,17.49,44.13,80.6,5.68
516,karratha,0,AU,1594001218,23,-20.74,116.85,74.71,18.03
517,aleksandrov gay,0,RU,1594001218,94,56.4,38.71,60.1,4.34
518,rio gallegos,20,GR,1594001218,78,38.3,21.78,71.6,4.25
519,mayumba,99,GA,1594001218,92,-3.43,10.66,71.69,2.21
520,sobolevo,0,RU,1594001219,94,54.43,31.9,59.88,6.31
521,bari,15,IT,1594000921,60,41.12,16.85,73.4,8.05
522,kokopo,1,PG,1594001219,65,-4.35,152.26,84.61,10.45
523,salme,90,NP,1594001219,100,28.04,85.09,69.8,4.7
524,mtambile,27,TZ,1594001219,78,-5.38,39.7,76.33,15.52
525,buala,100,SB,1594001219,72,-8.14,159.59,83.84,5.73
526,romitan,0,UZ,1594001219,46,39.93,64.38,71.6,11.41
527,kulhudhuffushi,100,MV,1594001219,75,6.62,73.07,82.92,9.04
528,mount isa,53,GB,1594001038,91,53.66,-1.85,52.0,5.99
529,iberia,20,US,1594001220,88,29.95,-91.75,84.0,5.95
530,aguimes,0,ES,1594001220,53,27.91,-15.45,78.01,26.4
531,leskovac,100,RS,1594001220,82,43.0,21.95,66.2,2.24
532,wajir,94,KE,1594001220,70,1.75,40.06,72.19,15.68
533,puerto santander,0,ES,1594001220,73,36.59,-6.23,77.0,4.7
534,pitimbu,90,BR,1594001220,100,-7.47,-34.81,73.4,10.29
535,samoylovka,33,RU,1594001220,44,51.18,43.71,68.32,2.84
536,gunjur,20,GM,1594001221,88,13.2,-16.73,80.6,10.67
537,port hueneme,17,CD,1594001221,50,-7.03,29.76,69.17,6.46
538,anantapur,100,IN,1594001221,70,14.68,77.6,78.64,16.96
539,plettenberg bay,66,DE,1594001221,81,51.22,7.88,57.99,3.0
540,santiago,75,CL,1594001056,81,-33.46,-70.65,50.0,6.93
541,ahipara,88,NZ,1594001221,79,-35.17,173.17,57.38,14.85
542,labuhan,59,ID,1594001221,76,-6.88,112.21,81.25,8.39
543,san luis,100,ML,1594001184,62,13.3,-4.9,83.34,3.89
544,bourail,100,NC,1594001222,49,-21.57,165.48,72.46,8.99
545,muli,100,MV,1594001222,72,2.92,73.57,84.13,10.22
546,tokmak,0,UA,1594001222,56,47.25,35.71,74.03,5.14
547,ilebo,54,CD,1594001222,49,-4.32,20.58,68.43,0.43
548,phan thiet,20,TH,1594001222,94,19.55,99.74,82.99,2.24
549,ketchikan,90,US,1594001222,87,55.34,-131.65,57.2,6.93
550,lompoc,0,US,1594001222,60,34.64,-120.46,68.0,12.75
551,kargasok,100,RU,1594001222,80,59.06,80.86,65.66,4.56
552,san policarpo,100,ML,1594001205,62,13.3,-4.9,83.34,3.89
553,mindelheim,8,DE,1594001223,82,48.05,10.48,64.99,10.29
554,barcelos,0,PT,1594001223,88,41.54,-8.62,73.99,1.12
